Region;Variables;Inti;2000-01;2000-02;2000-03;2000-04;2000-05;2000-06;2000-07;2000-08;2000-09;2000-10;2000-11;2000-12;2001-01;2001-02;2001-03;2001-04;2001-05;2001-06;2001-07;2001-08;2001-09;2001-10;2001-11;2001-12;2002-01;2002-02;2002-03;2002-04;2002-05;2002-06;2002-07;2002-08;2002-09;2002-10;2002-11;2002-12;2003-01;2003-02;2003-03;2003-04;2003-05;2003-06;2003-07;2003-08;2003-09;2003-10;2003-11;2003-12;2004-01;2004-02;2004-03;2004-04;2004-05;2004-06;2004-07;2004-08;2004-09;2004-10;2004-11;2004-12;2005-01;2005-02;2005-03;2005-04;2005-05;2005-06;2005-07;2005-08;2005-09;2005-10;2005-11;2005-12;2006-01;2006-02;2006-03;2006-04;2006-05;2006-06;2006-07;2006-08;2006-09;2006-10;2006-11;2006-12;2007-01;2007-02;2007-03;2007-04;2007-05;2007-06;2007-07;2007-08;2007-09;2007-10;2007-11;2007-12;2008-01;2008-02;2008-03;2008-04;2008-05;2008-06;2008-07;2008-08;2008-09;2008-10;2008-11;2008-12;2009-01;2009-02;2009-03;2009-04;2009-05;2009-06;2009-07;2009-08;2009-09;2009-10;2009-11;2009-12;2010-01;2010-02;2010-03;2010-04;2010-05;2010-06;2010-07;2010-08;2010-09;2010-10;2010-11;2010-12;2011-01;2011-02;2011-03;2011-04;2011-05;2011-06;2011-07;2011-08;2011-09;2011-10;2011-11;2011-12;2012-01;2012-02;2012-03;2012-04;2012-05;2012-06;2012-07;2012-08;2012-09;2012-10;2012-11;2012-12;2013-01;2013-02;2013-03;2013-04;2013-05;2013-06;2013-07;2013-08;2013-09;2013-10;2013-11;2013-12;2014-01;2014-02;2014-03;2014-04;2014-05;2014-06;2014-07;2014-08;2014-09;2014-10;2014-11;2014-12;2015-01;2015-02;2015-03;2015-04;2015-05;2015-06;2015-07;2015-08;2015-09;2015-10;2015-11;2015-12;2016-01;2016-02;2016-03;2016-04;2016-05;2016-06;2016-07;2016-08;2016-09;2016-10;2016-11;2016-12;2017-01;2017-02;2017-03;2017-04;2017-05;2017-06;2017-07;2017-08;2017-09;2017-10;2017-11;2017-12;2018-01;2018-02;2018-03;2018-04;2018-05;2018-06;2018-07;2018-08;2018-09;2018-10;2018-11;2018-12;2019-01;2019-02;2019-03;2019-04;2019-05;2019-06;2019-07;2019-08;2019-09;2019-10;2019-11;2019-12;2020-01;2020-02;2020-03;2020-04;2020-05;2020-06;2020-07;2020-08;2020-09;2020-10;2020-11;2020-12;2021-01;2021-02
Fran;TOT;Ensemble;79,19;79,29;79,66;79,66;79,83;80,03;79,89;80,04;80,45;80,36;80,54;80,5;80,15;80,37;80,73;81,12;81,63;81,68;81,5;81,5;81,65;81,71;81,48;81,57;81,96;82,05;82,4;82,73;82,83;82,82;82,81;83;83,16;83,29;83,29;83,42;83,59;84,18;84,51;84,38;84,28;84,44;84,35;84,56;84,89;85,07;85,17;85,26;85,25;85,62;85,96;86,19;86,5;86,54;86,39;86,57;86,65;86,88;86,93;87,02;86,53;87,07;87,63;87,79;87,85;87,95;87,82;88,16;88,5;88,49;88,3;88,4;88,32;88,65;88,91;89,28;89,67;89,66;89,51;89,81;89,61;89,41;89,51;89,71;89,39;89,57;89,96;90,39;90,62;90,74;90,5;90,87;90,96;91,19;91,7;92,04;91,93;92,12;92,82;93,14;93,64;93,99;93,77;93,73;93,67;93,62;93,17;92,95;92,56;92,92;93,1;93,24;93,39;93,51;93,09;93,57;93,34;93,43;93,55;93,8;93,55;94,11;94,58;94,83;94,93;94,92;94,63;94,85;94,78;94,91;95,03;95,44;95,2;95,65;96,45;96,77;96,83;96,91;96,46;96,97;96,9;97,14;97,41;97,8;97,45;97,86;98,69;98,81;98,76;98,79;98,34;99,01;98,77;98,95;98,79;99,1;98,58;98,87;99,63;99,48;99,54;99,7;99,39;99,85;99,63;99,51;99,46;99,8;99,22;99,79;100,24;100,2;100,23;100,19;99,85;100,3;99,92;99,96;99,78;99,86;98,85;99,52;100,18;100,29;100,53;100,45;100,02;100,35;99,95;100,02;99,82;100,04;99,06;99,33;100,04;100,1;100,52;100,64;100,24;100,59;100,35;100,39;100,37;100,66;100,4;100,54;101,19;101,28;101,33;101,34;100,97;101,52;101,36;101,46;101,56;101,86;101,76;101,73;102,78;102,95;103,39;103,4;103,29;103,81;103,59;103,71;103,48;103,49;103,03;103,09;103,93;104,26;104,36;104,62;104,41;104,89;104,55;104,5;104,56;105,01;104,57;104,55;104,62;104,59;104,76;104,85;105,23;105,13;104,6;104,57;104,78;105;105,15;105,16
Fran;AHT;Alimentation hors tabac;76,7;76,98;76,96;77,58;77,92;77,93;77,75;77,67;77,86;78,13;78,66;78,75;79,26;79,54;80,47;81,29;82,69;82,74;82,83;82,09;82,21;82,5;82,31;82,61;84,07;83,8;83,78;83,92;84,21;84,18;83,7;83,25;83,35;83,57;83,6;83,72;84,49;84,86;85,22;85,54;85,51;86,22;85,9;85,78;86,45;86,11;86,01;85,73;86,26;85,89;86,44;86,83;87,08;87,48;86,59;85,28;85,4;85,41;85,57;85,76;85,76;86,22;86,98;86,65;87,01;86,8;86,14;85,52;85,56;85,71;86;86,33;86,73;87,14;87,24;87,43;88,01;88,02;87,8;87,4;87,72;87,44;88;87,84;88,12;87,75;87,68;88,39;88,81;89,16;88,53;88,41;88,86;89,32;89,93;90,51;91,8;91,97;92,36;93;93,92;94,09;94,16;93;93,06;93,51;93,34;93,39;93,96;94;93,84;93,93;94,24;93,71;93,04;92,36;92,78;93,19;93,24;93,11;94,01;94,08;94,42;94,79;95,04;94,88;94,36;93,51;93,52;93,61;94,05;94,22;94,07;94,35;95,17;95,32;96,3;96,55;96,39;96,24;96,43;96,79;97,06;97,34;97,41;97,96;98,67;98,67;99,24;99,64;99,02;98,51;98,72;99,57;99,57;99,56;99,47;99,56;100,04;100,35;100,99;101,44;100,75;100,29;99,81;99,72;99,81;99,93;99,81;99,67;99,87;99,73;100,07;99,84;99,3;98,74;99,18;99,56;99,54;99,48;99,55;99,73;99,96;99,98;100,44;100,19;99,65;99,54;100,05;100,55;100,34;100,03;99,93;99,88;100,34;100,34;101,41;100,76;100,87;101,04;100,52;100,46;100,6;100,74;101,2;101,46;101,16;101,09;101,84;101,55;101,61;101,67;101,59;102,02;102,09;102,08;102,39;102,23;102,6;102,67;103,62;103,43;103,57;103,87;104,47;104,31;104,11;104,69;105,24;105,41;105,19;105,25;105,99;106,11;106,68;107,18;106,64;106,16;106,28;106,89;107,33;107,28;107,21;109,19;109,72;108,91;107,86;108,11;107,57;107,74;108,43;108,01;108,43;108,21
Fran;PF;Produits frais;68,23;69,18;68,56;71,79;73,27;73,14;69,49;67,55;68,97;69,59;72;71,34;72,28;71,31;74,77;76,87;84,06;82,94;80,92;72,88;73,52;75,4;73,45;75,29;85,86;83,6;83,62;83,95;84,6;83,86;79,33;74,14;75,57;76,91;76,05;76,2;81,08;82,25;84,2;85,52;84,33;88,47;84,45;82,19;86,94;83,84;81,83;79,68;82,41;78,71;81,76;84,16;85,64;87,96;80,19;70,17;75,26;76,01;77,05;79,08;79,43;82,11;87,96;85,69;88,17;86,46;80,45;74,86;75,54;76,64;78,32;80,63;82,76;84,41;84,23;85,21;89;89,07;85,99;82,2;84,99;82,89;85,34;83,64;86,11;83,9;83,59;88,61;91,23;93,2;87,2;83,63;86,13;87,02;87,3;86,31;88,75;85,39;86,5;89,49;95,07;96,62;95,13;83,83;85,01;88,22;85,65;85;89,04;88,9;87,82;88,78;91;87,44;81,87;75,59;79,17;82,4;83,45;83,02;89,64;89,41;92,73;95,26;97,26;97,48;93,09;85,84;87;87,62;89,5;91,1;89,34;90,46;93,11;91,27;94,45;93,63;89,51;86,22;87,04;88,45;88,71;89,49;87,95;90,65;95,81;95,21;98,18;101,04;95,54;90,79;93,01;97,63;96,45;96,42;95,35;95,65;98,92;101,18;105,82;108,53;102,74;97,75;95,24;95,17;95,31;96,88;95,35;94,38;95,61;94,74;97,62;96,77;93,23;88,74;93,2;96,72;96,17;96,19;96,93;98,25;100,63;100,65;103,94;101,81;97,47;95,93;100,2;103,64;101,47;99,08;98,73;98,56;102,13;101,99;109,86;105,33;105,94;106,47;103,72;103,58;103,69;104,69;107,62;109,55;106,9;105,58;109,39;106,91;106,34;105,63;105,33;108,25;107,3;107,33;109,37;107,82;109,64;109,53;114,75;113,1;112,98;112,84;117,19;115,79;112,8;115,82;118,69;117,11;114,38;113,69;117,45;117,42;120,74;122,47;119,42;115,54;115,21;118,22;121,44;120,74;119,65;134,11;137,88;131,43;123,43;124,32;122,2;124,45;128,26;125,56;127,71;125,42
Fran;APA;Autres produits alimentaires;78,03;78,2;78,27;78,47;78,63;78,66;79,04;79,26;79,25;79,46;79,69;79,91;80,34;80,82;81,34;81,96;82,42;82,66;83,09;83,53;83,57;83,6;83,69;83,74;83,73;83,78;83,75;83,86;84,09;84,18;84,35;84,67;84,55;84,6;84,77;84,89;85;85,24;85,36;85,52;85,67;85,84;86,11;86,32;86,34;86,44;86,64;86,67;86,84;87;87,15;87,24;87,29;87,38;87,58;87,64;86,97;86,87;86,89;86,8;86,74;86,86;86,83;86,8;86,83;86,85;87,02;87,16;87,1;87,11;87,19;87,21;87,32;87,54;87,68;87,74;87,81;87,8;88,05;88,2;88,12;88,14;88,38;88,48;88,4;88,33;88,29;88,32;88,39;88,48;88,71;89,14;89,25;89,65;90,31;91,14;92,26;92,97;93,24;93,53;93,74;93,7;94;94,39;94,28;94,31;94,51;94,66;94,7;94,76;94,75;94,7;94,72;94,65;94,74;94,92;94,86;94,83;94,73;94,64;94,66;94,78;94,66;94,7;94,68;94,47;94,54;94,67;94,51;94,51;94,73;94,68;94,79;94,93;95,46;95,92;96,56;96,98;97,44;97,79;97,88;98,07;98,35;98,55;98,87;99,09;99,1;99,19;99,38;99,4;99,54;99,7;99,6;99,86;100,04;100,03;100,09;100,15;100,21;100,23;100,27;100,38;100,46;100,68;100,5;100,4;100,48;100,38;100,48;100,47;100,51;100,48;100,43;100,31;100,21;100,23;100,07;99,99;100,04;99,98;99,95;99,96;99,86;99,87;99,92;99,94;99,97;100,08;100,02;100,09;100,17;100,17;100,11;100,08;100,06;100,08;100,07;100,03;100,06;100,18;100,01;99,96;100,11;100,11;100,16;100,15;100,24;100,37;100,62;100,69;100,86;101,04;101;101,01;101,25;101,23;101,26;101,34;101,46;101,57;101,8;101,86;102,04;102,41;102,38;102,43;102,69;102,87;103,04;103,5;103,68;103,86;104,12;104,26;104,39;104,69;104,56;104,62;104,8;105,04;105,06;105,1;105,19;105,29;105,34;105,37;105,37;105,52;105,22;105,08;105,3;105,22;105,39;105,47
Fran;T;Tabac (s?rie COICOP);42,37;42,37;42,36;42,36;42,36;42,36;42,36;42,36;42,36;42,36;42,36;42,36;43,99;44,46;44,46;44,46;44,46;44,46;44,46;44,46;44,46;44,46;44,46;44,46;48,15;48,15;48,22;48,23;48,23;48,2;48,09;48,09;48,09;48,06;48,06;48,06;52,5;53,36;53,36;53,25;53,23;53,23;53,23;53,23;53,23;56,87;62,63;62,63;67,96;68,75;68,75;68,71;68,71;68,71;68,71;68,71;68,69;68,59;68,59;68,59;68,59;68,66;68,67;68,83;68,85;68,85;69;69,07;69,07;69,07;69,07;69,07;69,07;69,07;69,07;69,07;69,1;69,15;69,15;69,14;69,14;69,14;69,14;69,14;69,14;69,14;69,14;69,14;69,14;69,14;69,14;72,73;73,42;73,42;73,42;73,42;73,44;73,44;73,44;73,45;73,45;73,45;73,45;73,63;73,86;73,86;73,86;73,86;73,86;73,86;73,86;73,86;73,86;73,86;73,88;73,91;73,91;73,91;77,03;78,16;78,25;78,2;78,2;78,19;78,19;78,19;78,1;78,09;78,09;78,09;81,48;82,51;82,51;82,52;82,52;82,5;82,5;82,5;82,5;82,5;82,5;84,73;87,11;87,11;87,13;87,13;87,13;87,14;87,14;87,14;87,2;87,25;87,25;93,13;93,13;93,13;93,19;93,2;93,2;93,28;93,29;93,29;94,99;96,39;96,39;96,39;96,39;96,39;98,46;99,76;99,76;99,76;99,76;99,76;99,78;99,79;99,79;99,79;99,79;99,79;99,79;99,79;100,04;100,04;100,04;100,04;100,04;100,04;100,04;100,04;100,04;100,04;100,04;100,04;100,06;100,09;100,09;100,09;100,13;100,16;100,16;100,16;100,16;100,16;100,16;101,05;102,92;102,92;102,69;102,5;102,5;102,5;102,5;102,5;104,59;106,19;105,95;105,94;120,05;120,05;119,24;119,24;119,74;119,78;119,81;119,79;119,76;119,76;120,79;120,79;129,74;129,74;130,06;130,06;130,3;130,3;130,34;130,34;138,29;138,29;138,37;138,37;147,66;147,66;148,27;148,27;148,36;148,36;148,34;148,34;155,67;155,56;156,06;156,09
Fran;PM;Produits manufactur?s;99,94;99,58;100,67;100,53;100,57;100,65;99,28;100,09;100,74;100,92;100,89;100,97;100,02;100,2;101,18;101,32;101,48;101,46;100,18;101,01;101,61;101,77;101,5;101,71;100,94;101,02;101,96;102,01;102,16;102,1;100,94;101,42;102,12;102,17;102,03;102,21;100,7;101,83;102,28;102,31;102,38;102,23;100,92;101,46;102,38;102,68;102,4;102,6;100,8;101,93;102,4;102,6;102,66;102,52;100,91;101,87;102,54;102,59;102,54;102,51;100,98;101,32;102,16;102,35;102,31;102,16;100,19;101,18;101,98;102,01;101,93;101,88;100,67;100,86;101,54;101,88;101,94;101,85;99,86;100,76;101,47;101,45;101,54;101,7;100,26;100,5;101,54;101,77;101,89;101,79;99,94;100,85;101,52;101,64;101,88;102,05;100,54;100,8;102,04;102,03;102,04;102,03;100,02;101,09;102,08;102,08;102,16;102,16;100,57;100,92;102,16;102,13;102,19;102,01;100,18;101,63;101,96;101,81;101,74;102;100,06;101,22;102,03;101,91;101,89;101,89;100,19;101,22;101,99;101,8;101,64;101,83;100,24;100,27;101,55;102,12;102,05;102,08;99,4;101,02;102,15;102,42;102,42;102,87;100,87;100,99;102,86;102,99;103,07;103,14;100,32;101,53;102,95;102,73;102,88;103,06;100,6;100,77;102,81;102,72;102,72;102,67;99,76;100,89;102,23;102,24;102,36;102,41;99,33;100,66;101,99;102;101,88;101,43;98,47;100,33;101,54;101,4;101,1;101,17;97,9;98,9;100,92;101,02;101,19;100,72;97,58;99,16;100,64;100,64;100,52;100,83;97,78;98,78;100,7;100,41;100,53;100,23;97,26;98,69;100;100;99,9;99,86;97,45;97,18;99,66;99,74;99,85;99,91;96,89;98,01;99,55;99,74;99,66;99,76;97,48;97,22;99,36;99,4;99,67;99,66;96,81;97,95;99,31;99,34;99,38;99,21;97,08;96,75;98,79;98,87;99,02;99,01;96,2;97,05;98,55;98,84;98,75;98,95;96,75;97;98,38;98,36;98,31;98;98,01;96,8;98,39;98,76;98,41;97,99;97,56;96,64
Fran;HC;Habillement et chaussure;91,76;89,71;94,87;95,19;95,07;95,24;88,79;92,51;95,53;95,5;95,34;95,5;90,76;90,83;95,37;95,64;95,52;95,67;89,96;92,87;96,14;96,4;95,89;96,33;91,85;91,69;96,35;96,59;96,6;96,84;91,08;92,55;96,7;96,89;96,74;96,95;89,38;93,88;96,46;96,13;96,15;96,06;88,84;91,54;96,76;96,9;96,65;96,87;88,09;92,66;96,59;96,67;96,91;96,26;88,9;93,17;96,95;97,32;97,15;97,29;90,96;91,09;96,37;96,86;97,05;97,2;88,84;92,96;96,98;97,21;97,05;97,29;90,79;90,25;96,46;96,98;97,13;97,39;88,96;92,78;97,01;97,76;97,74;97,88;90,65;90,94;97,3;97,54;97,86;98,17;89,1;93,44;97,87;98,46;98,32;98,59;91,17;91,52;97,84;98,4;98,63;98,97;89,36;93,69;98,44;98,86;98,86;99,23;91,69;92,99;98,64;99,16;99,16;98,35;89,76;97,15;99,81;99,79;99,77;100,07;89,9;95,32;99,19;99,76;99,72;100,08;90,89;96,55;99,96;100,05;99,65;100,26;92,12;90,25;97,73;100,86;101,03;99,95;86,26;95;100,11;102,44;102,71;103,34;91,88;92,04;103,02;103,43;103,45;104,07;89,52;95,75;103,67;104,06;104,02;104,64;92,52;92,26;103,8;104,4;104,88;105,1;90,87;97,36;104,65;104,86;104,78;105,4;88,82;94,63;104,43;104,98;105,11;103,48;89,24;98,95;105,24;105,18;105,07;105,67;87,96;92,11;103,98;104,49;105,18;102,97;87,75;96,62;104,31;104,54;104,62;105,46;87,46;92,87;104,26;104,46;105,36;103,5;88,37;96,32;104,28;104,84;104,83;105,41;92,02;90,12;103,5;104,35;104,84;105,3;89,23;95,07;103,62;104,4;104,58;105,33;92,49;91,08;103,03;103,76;104,7;105;90;95,86;104,23;104,35;104,4;105;92,87;91,85;102,63;103,58;103,93;104,04;90,36;94,5;102,95;104,51;104,28;104,66;92,62;93,71;102,76;102,66;101,11;99,85;99,76;92,81;101,62;103,49;102,26;101,06;96,1;90,8
Fran;PS;Produits de sant?;131,75;131,76;131,78;131,81;131,69;131,68;131,7;131,7;131,75;131,61;131,22;131,1;130,98;131,08;130,79;130,81;130,8;130,69;130,64;130,72;130,65;130,65;129,47;129,07;129;129,16;129,24;129,25;129,44;129,45;129,44;129,7;129,72;129,47;129,3;129,31;129,33;129,36;129,34;129,29;129,2;129,12;129,1;129,32;128,82;129,03;128,95;128,9;128,69;128,63;127,96;128,03;128,04;128,08;128,07;127,9;127,92;127,91;127,93;127,87;127,6;127,44;127,52;127,52;127,5;127,35;126,98;126,84;126,76;126,51;126,42;126,26;125,89;125,96;123,48;123,37;123,39;123,37;122,78;122,76;122,52;122,4;122,36;122,11;121,83;121,85;121,29;121,17;121,16;121,16;121,08;120,86;120,82;120,78;120,43;120,38;120,1;120,03;120,02;119,81;119,54;118,82;118,79;118,7;118,67;118,64;118,51;118,21;117,57;117,32;117,32;117,15;117,05;117,04;116,94;116,73;116,67;116,53;116,26;116,1;116,08;116,03;115,98;115,27;115,22;114,89;114,83;114,84;114,83;114,14;114,07;114,02;113,93;113,61;113,6;113,52;113,34;113,32;113,32;113,06;113,09;113;112,68;112,55;112,63;112,12;111,47;111,13;110,46;110,09;109,96;109,86;109,64;109,55;109,37;109,01;107,99;107,83;107,76;106,49;106,55;106,44;106,38;106,23;106,23;106,21;105,81;105,68;105,1;104,96;104,49;104,01;103,76;103,49;103,15;103,18;103,15;103,16;102,62;102,47;102,09;101,8;101,1;101;100,55;99,83;99,47;99,26;99,28;98,79;98,43;98,4;98,28;98,07;97,88;97,37;97,06;96,97;96,75;96,58;96,57;96,31;96,12;95,99;95,88;95,67;95,43;95,1;94,97;94,9;94,81;94,66;94,76;94,7;94,59;94,28;93,89;93,41;93,12;92,83;92,78;92,83;92,75;92,55;92,59;92,53;92,51;91,42;91,21;90,55;90,59;90,48;90,1;89,95;89,79;89,81;89,77;89,7;89,7;89,66;89,37;88,42;88,43;88,31;88,21;88,01;88,1;88,06;88,07;88,07;88,39;88,34;88,16;87,83
Fran;AMP;Autres produits manufactur?s;95,91;95,93;96,12;95,85;95,96;96,01;95,76;95,93;96,07;96,34;96,38;96,47;96,33;96,55;96,82;96,94;97,19;97,14;96,78;97,19;97,24;97,39;97,3;97,54;97,54;97,66;97,85;97,86;98,04;97,9;97,65;97,92;97,92;97,98;97,85;98,04;97,7;98,22;98,24;98,37;98,47;98,31;98,15;98,24;98,4;98,74;98,42;98,66;98,19;98,72;98,6;98,85;98,87;98,82;98,25;98,64;98,72;98,71;98,67;98,6;98,02;98,5;98,4;98,55;98,44;98,23;97,54;97,96;98,13;98,15;98,1;97,99;97,92;98,31;98,22;98,6;98,64;98,46;97,77;98,14;98,16;97,96;98,11;98,34;98,05;98,31;98,4;98,68;98,79;98,57;98,09;98,39;98,32;98,36;98,8;98,98;98,57;98,87;99,19;99,09;99,11;99,15;98,49;99,04;99,37;99,28;99,41;99,38;98,92;99,17;99,67;99,56;99,66;99,59;98,9;99,37;99,27;99,08;99,04;99,37;98,83;99,3;99,62;99,47;99,46;99,44;99,04;99,27;99,63;99,47;99,34;99,49;99,01;99,51;99,71;99,85;99,76;100,04;99,19;99,65;100,14;100,04;100,04;100,56;100,22;100,45;100,84;101;101,26;101,28;100,49;100,87;101,2;100,82;101,08;101,27;100,81;101,17;101,41;101,42;101,3;101,18;100,34;100,48;100,7;100,66;100,95;100,91;100,44;101,05;100,81;100,8;100,65;100,44;99,54;99,96;100,26;100,06;99,78;99,77;99,23;99,81;100,14;100,2;100,39;100,4;99,46;99,75;100,1;100,16;100,05;100,32;99,8;100,14;100,53;100,2;100,26;100,24;99,22;99,65;99,83;99,79;99,69;99,54;99,1;99,19;99,82;99,84;99,92;99,92;99,18;99,53;99,8;99,92;99,8;99,85;99,44;99,51;100,08;100,05;100,24;100,15;99,3;99,73;99,87;99,9;99,96;99,84;99,4;99,3;99,95;99,9;100,14;100,14;99,01;99,35;99,75;99,85;99,77;99,99;99,38;99,77;99,89;99,91;100,2;100,06;100,08;99,77;100,24;100,4;100,05;99,7;100,12;99,91
Fran;E;Energie;64,12;64,64;65,79;64,99;65,63;66,79;67,2;67,09;70,21;68,58;69,58;68,31;64,96;65,45;65,24;65,95;68,02;67,96;66,64;65,55;66,12;65,26;64,19;63,08;63,09;63,11;63,69;65,22;64,85;64,09;63,7;64,65;65,58;66,14;65,48;65,56;67,01;68,44;69,53;66,63;64,78;64,44;65,13;65,7;65,88;65,91;65,61;65,52;66,22;65,98;67,21;67,68;69,66;68,94;69,05;70,55;70,69;72,95;73,14;72,24;70,92;72,08;73,95;75,24;74,19;75,58;77,72;78,76;81,5;81,61;79,27;78,15;79,52;79,8;80,18;82,14;83,83;83,23;83,94;84,4;82,19;79,76;79,34;79,41;78,84;79,04;80,32;81,65;82,58;83;83,33;82,86;83,39;83,99;87,53;87,99;88,71;88,18;90,58;91,55;95,39;98,8;98,94;95,65;95,29;91,66;86,55;81,77;80;80,5;78,9;78,9;79,05;81,6;80,8;82,36;81,71;81,49;83,1;82,78;84,93;84,93;86,74;89,15;89,92;89,33;89,25;89,19;89,65;90,52;91,41;93,17;96,57;97,58;100,01;101,22;99,9;99,41;99,41;99,78;100,54;100,63;101,87;101,79;104,22;105,26;106,53;106,63;104,97;102,77;103,01;106,76;106,42;105,85;104,6;104,39;106,27;107,84;107,55;106,36;104,49;104,52;104,86;106,33;107,19;105,35;104,71;105,5;106,37;106,52;105,85;105,7;105,63;105,57;105,61;104,73;104,52;104,11;103,53;100,85;98,8;101;101,96;102,12;103,1;102,57;101,33;99,4;98,39;97,82;97,37;96,17;95,02;94,1;94,98;95,22;97,31;99,47;98,09;96,53;97,35;98,6;99,46;100,4;104,87;104,84;104,31;104,07;102,43;101,32;100,01;101,24;102,35;103,31;104,91;105,37;110,38;110,35;109,59;110,67;112,84;113,75;114,33;114,36;115,44;117,54;116,65;113,9;112,56;114,09;115,32;116,03;116,69;116,47;115,27;115,22;115,66;115,63;115,96;116,9;117,49;115,15;110,6;106,08;103,94;105,79;106,77;107,09;106,37;106,64;106,99;108,83;110,64;113,39
Fran;PP;Produits p?troliers;67,15;68,03;69,96;68,89;69,72;71,69;72,37;72,2;77,46;74,69;75;72,86;67,18;68,02;67,67;68,86;71,31;71,2;68,98;67,13;68,09;66,63;64,61;62,62;62,63;62,66;63,65;66,27;66,18;64,89;64,23;65,84;67,45;68,39;66,88;67,01;69,61;72,07;73,95;68,96;65,31;64,65;65;65,9;66,2;66,25;66,87;66,71;67,9;67,49;69,64;70,44;73,82;72,6;72,77;75,34;75,58;79,43;79,53;77,78;75,47;77,49;80,76;83,03;81,19;83,62;86,85;88,66;93,06;93,26;88,39;86,44;88,88;89,36;90,04;92,34;94,35;93,29;94,55;95,06;90,86;86,55;85,79;85,93;84,9;85,26;87,55;89,94;91,61;92,37;92,96;91,9;92,67;93,73;100,1;100,92;101,44;100,47;104,87;106,59;112,44;118,66;118,93;111,91;110,41;103,76;94,41;85,67;82,47;83,38;80,49;82,71;83,04;87,65;86,21;88,72;87,11;86,71;89,6;89,04;92,98;92,98;96,32;98,79;100,2;99,11;97,88;97,08;97,31;98,91;100,54;103,78;108,72;110,6;115,12;116,19;113,72;112,8;112,16;112,19;113,61;113,76;116,07;115,93;119,42;121,4;123,84;124,05;120,84;116,62;115,89;122,13;121,45;119,86;117,47;117,06;118,58;121,66;121,21;119,14;115,35;115,47;115,95;116,67;118,33;114,84;113,47;114,99;114,76;114,96;113,99;113,61;113,66;113,99;114,18;112,82;112,55;110,63;107,62;102,6;96,43;101,18;104,11;104,29;106,55;105,65;103,65;98,55;96,37;95,66;94,81;92,75;89,31;88,11;90,39;91,66;95,52;99,43;96,89;93,81;95,18;97,57;98,76;99,88;107,35;107,47;105,73;105,46;103,11;100,92;99,43;101,03;103,2;104,79;107,35;108,02;115,92;115,19;114,5;116,92;121,08;122,36;121,24;121,5;123,37;126,6;123,13;118,43;116,29;119,17;121,5;123,61;125,08;120,65;120,06;119,15;120,23;120,9;120,88;122,58;123,74;118,32;110,51;102,44;98,64;102,56;104,71;104;102,49;102,18;102,43;105,68;109,21;112,97
Fran;S;Services;73,38;73,56;73,57;73,57;73,64;73,8;74,2;74,15;73,97;73,92;73,9;74,01;74,11;74,25;74,2;74,52;74,57;74,68;75,21;75,29;75,13;75,24;75,18;75,39;75,78;76,04;76,19;76,51;76,63;76,8;77,66;77,8;77,54;77,6;77,8;77,93;78,17;78,36;78,5;78,67;78,8;79,01;79,5;79,59;79,53;79,61;79,62;79,82;80,12;80,43;80,47;80,61;80,79;80,93;81,75;81,83;81,58;81,61;81,63;81,94;82,05;82,65;82,71;82,8;83,04;83,14;83,83;84,03;83,72;83,59;83,6;83,97;84,08;84,5;84,55;84,7;84,97;85,13;85,96;86,13;85,57;85,75;85,8;86,19;86,39;86,74;86,74;87,04;87,13;87,24;88,03;88,25;87,73;87,88;87,93;88,28;88,38;88,69;88,88;89,19;89,25;89,35;90,11;90,37;89,63;90,01;89,95;90,32;90,58;91,08;91,02;91,34;91,49;91,59;92,23;92,34;91,57;91,76;91,61;92,05;92,01;92,5;92,56;92,63;92,63;92,77;93,42;93,59;92,84;93,07;92,94;93,32;93,23;93,94;94,14;94,23;94,29;94,44;95,23;95,31;94,22;94,33;94,48;94,97;94,98;95,43;95,59;95,78;95,7;96;96,97;97,17;95,71;95,77;95,54;96,17;96,15;96,39;96,73;96,56;96,76;96,97;98,04;98,24;97,05;97,13;97,02;97,54;97,8;98,23;98,5;98,49;98,51;98,75;99,84;100,11;98,55;98,63;98,53;99,13;99,08;99,52;99,57;99,71;99,79;100,05;101,22;101,43;99,81;99,87;99,68;100,27;100,13;100,31;100,43;100,67;100,79;101,07;102,06;102,2;101,02;100,9;100,72;101,16;101,08;101,39;101,51;101,7;101,75;102,02;103,09;103,41;102,1;101,91;101,79;102,24;102,4;102,54;102,99;103,13;103,28;103,22;104,41;104,76;103,18;103,13;102,83;103,19;103,39;103,42;103,59;104,11;103,89;104,41;105,5;105,88;104,45;104,36;104,17;104,65;104,69;104,9;104,7;104,68;105,17;105,51;106,47;106,79;105,14;104,77;104,89;105,43;105,54;105,73
Fran;LE;Loyers et services rattach?s;70,72;70,85;71,06;71,09;71,16;71,22;71,27;71,37;71,46;71,44;71,48;71,51;71,16;71,23;71,28;71,34;71,37;71,42;71,48;71,71;71,8;72;72,08;72,17;72,34;72,53;72,75;73,02;73,15;73,25;73,35;73,53;73,71;73,91;74,01;74,32;74,44;74,59;74,78;75,02;75,22;75,29;75,35;75,49;75,64;75,82;75,94;76,26;76,36;76,59;76,8;77;77,14;77,25;77,47;77,7;77,89;78,2;78,44;78,95;79,15;79,36;79,59;79,89;80,07;80,23;80,33;80,68;80,92;81;81,27;81,65;81,99;82,29;82,58;83,08;82,89;83,02;83,07;83,32;83,53;84,16;84,31;84,76;85,02;85,3;85,59;85,91;85,73;85,87;85,93;86,2;86,42;87,06;87,25;87,67;87,62;87,8;87,99;88,08;87,7;87,83;87,83;88;88,18;89,3;89,42;89,83;89,84;90,12;90,36;90,67;90,19;90,37;90,56;90,72;90,92;91,57;91,64;92,01;92,09;92,2;92,4;92,49;91,91;91,98;92;92,13;92,29;92,92;93,01;93,37;93,44;93,65;93,82;93,87;93,59;93,76;93,83;93,91;94;94,65;94,73;94,99;95,24;95,54;95,77;96,03;95,53;95,61;95,65;95,74;95,83;96,58;96,75;96,98;97,03;97,52;97,73;97,77;97,18;97,22;97,38;97,46;97,53;98,21;98,23;98,39;98,73;99,13;99,19;99,22;98,61;98,65;98,76;98,82;98,87;99,61;99,68;99,83;99,9;100,07;100,09;100,18;99,56;99,63;99,64;99,75;99,78;100,44;100,44;100,53;100,53;100,63;100,6;100,58;100,64;100,59;100,59;100,65;100,68;100,68;100,74;100,89;100,87;100,99;101,12;101,18;101,12;101,06;101,06;101,07;101,07;101,15;101,23;101,36;101,47;101,65;101,67;101,68;101,77;100,79;100,76;100,7;100,74;100,84;100,88;100,99;101,02;101,42;101,42;101,53;101,52;101,47;101,48;101,53;101,51;101,58;101,67;101,81;101,85;101,86;101,89;101,87;101,75;101,69;101,68;101,7;101,75;101,83;101,98;102,03;102,1;102,67
Fran;SS;Services de sant?;82,09;82,1;82,07;82,22;82,48;82,64;82,74;82,42;82,24;82,23;82,16;82,46;82,53;82,27;82,11;82,13;82,14;82,06;81,93;81,68;81,29;81,59;81,38;81,09;81,76;82,44;83,1;83,27;83,62;84,01;85,79;85,94;85,34;85,75;87,27;87,46;87,71;87,29;87,76;87,81;87,86;87,98;87,87;87,38;87,1;87,91;88,24;88,36;88,1;88,26;88,34;88,44;88,54;88,58;88,82;88,32;88,13;88,58;88,77;88,99;88,81;89,01;88,95;89,41;89,63;89,62;89,75;89,34;89,2;89,38;89,54;90,03;89,86;89,91;90,03;90,07;91,67;92,12;92,28;92,54;92,39;92,67;92,98;93,22;93,15;93,12;93,32;93,38;93,43;93,44;94,11;94,14;94;94,4;94,71;94,86;94,86;94,9;94,9;95,11;95,13;95,23;95,43;95,59;94,64;95,36;95,44;95,63;95,58;95,52;95,53;95,88;96,1;96,12;96,48;96,11;95,65;96,16;96,29;96,51;96,38;96,49;96,53;96,56;96,57;96,65;96,9;96,43;95,73;96,64;96,78;96,88;97,32;97,45;97,69;97,68;97,72;97,75;97,99;97,42;97,21;97,67;97,86;97,85;97,82;97,92;97,94;98,12;98,19;98,4;98,92;98,83;98,43;98,98;99,02;99,14;99,06;99,2;99,24;99,39;99,36;99,47;99,58;98,86;98,81;99,34;99,36;99,45;99,27;99,29;99,39;99,63;99,55;99,72;99,92;99,26;99,17;99,71;99,77;99,95;100,03;100,09;99,89;100,02;100,13;100,17;99,98;99,56;99,64;100,12;99,97;100,4;100,06;100,26;100,26;100,38;100,4;100,35;100,55;99,83;99,94;100,37;100,17;100,21;100,4;100,59;100,66;100,66;101,38;101,94;102,17;101,53;101,77;102,19;102,12;102,43;102,4;102,65;102,65;102,38;102,51;102,49;102,62;102,24;102,48;102,48;102,35;102,03;102,6;102,71;102,46;102,52;102,11;102,31;102,38;102,1;102,14;102,32;102,31;102,61;102,39;102,74;102,74;102,95;102,57;102,78;103,03;102,46;102,46;102,79;102,86;103,11;102,47;102,73
Fran;STC;Services de transports et communications;102,7;102,91;102,92;101;100,74;101,49;102,84;101,73;100,97;100,46;100,72;100,59;100,03;100,09;99,47;100,25;99,93;99,99;102,59;101,94;101,04;101,17;100,99;101,96;100,7;100,84;100,79;101,21;100,57;100,59;103,98;104,08;102,38;102,4;102,59;102,54;102,09;102,45;102,4;102,47;102,48;103,25;105,37;105,88;104,4;103,88;103,51;104,14;103,42;103,74;103,58;104,05;103,82;103,9;106,35;106,32;104,56;104,34;104,03;104,08;103,53;106,2;106,52;105,46;104,5;104,75;106,2;106,9;106,03;104,64;104,36;104,87;103,23;103,37;103,7;102,61;101,54;102,4;104,9;104,31;102,57;102,8;102,85;104,45;103,43;103,66;102,91;103,27;102,73;102,84;105,09;105,03;103,85;103,89;103,83;104,76;103,57;103,49;104,9;105,85;105,63;104,86;107,03;106,68;105,21;105,79;105,44;106,15;106,46;107,15;106,3;107,5;107,65;107,24;108,66;108,66;106,49;107,13;105,97;106,83;106,89;107,52;107,57;107,16;106,5;106,28;107,7;107,93;106,38;106,49;105,57;106,07;105,46;107,31;106,96;107,36;106,35;105,6;106,82;107,22;105,41;105,55;105,26;105,63;103,91;103,53;103,63;104,13;102,26;103,2;104,92;104,79;99,41;99,63;97,19;100,04;97,36;95,72;96,46;96,08;96,71;97,04;99,76;99,8;98,05;98,97;97,72;99,92;97,99;98,23;97,68;99,03;98,01;98,81;101,38;101,98;98,01;98,41;97,65;99,71;98,36;99,19;98,64;100,22;99,61;100,34;104,06;103,55;98,84;99,44;97,84;99,92;97,9;98,19;98,25;99,52;99,27;100,09;103,79;103,34;100,08;100,79;99,32;101,61;98,1;99,12;98,58;100,89;98,39;99;103,22;103,04;98,54;99,16;97,72;100,39;97,97;99,04;99;101,52;100,21;99,75;104,51;103,83;97,38;98,57;96,2;99,08;96,52;97,3;96,98;100,42;97,77;100,06;104,06;104,35;98,22;99,85;98,38;101,55;97,33;99,12;97,19;96,41;98,91;101,68;104,42;102,48;97,18;96,13;96,82;101,04;99,65;100,29
Fran;ASE;Autres services;67,97;68,19;68,15;68,36;68,43;68,54;68,97;69,06;68,88;68,87;68,81;68,94;69,26;69,49;69,5;69,89;69,99;70,16;70,65;70,83;70,74;70,79;70,73;70,96;71,59;71,81;71,87;72,22;72,4;72,56;73,12;73,25;73,13;73,1;73,11;73,2;73,56;73,85;73,93;74,12;74,26;74,45;74,93;75,05;75,16;75,18;75,15;75,26;75,85;76,21;76,23;76,31;76,56;76,74;77,6;77,75;77,57;77,48;77,46;77,76;78;78,47;78,46;78,59;79,03;79,11;79,97;80,16;79,75;79,68;79,62;79,95;80,32;80,88;80,81;81,07;81,42;81,42;82,34;82,59;81,92;81,95;81,91;82,13;82,56;83,02;83,01;83,35;83,62;83,74;84,52;84,82;84,12;84,1;84,07;84,35;84,74;85,2;85,22;85,48;85,73;85,97;86,82;87,22;86,37;86,44;86,37;86,7;87,08;87,71;87,69;87,85;88,17;88,35;89,03;89,24;88,37;88,29;88,21;88,63;88,56;89,21;89,23;89,38;89,66;89,89;90,67;90,95;90,08;90,08;89,98;90,4;90,25;91,01;91,31;91,38;91,72;92,06;93,08;93,23;91,77;91,64;91,89;92,56;92,82;93,53;93,72;93,82;94,15;94,43;95,61;95,97;94,55;94,29;94,3;94,74;95,17;95,67;96,03;95,78;96,16;96,42;97,62;98,06;96,42;96,12;96,14;96,55;97,25;97,79;98,28;97,99;98,36;98,58;99,83;100,28;98,43;98,21;98,14;98,69;98,8;99,33;99,53;99,43;99,82;100,08;101,38;101,86;100,02;99,75;99,74;100,25;100,45;100,62;100,82;100,97;101,18;101,52;102,44;102,89;101,51;101,09;101,07;101,35;101,8;102,06;102,3;102,19;102,6;102,82;103,79;104,48;103,07;102,54;102,59;102,76;103,42;103,37;104,1;103,95;104,38;104,62;105,72;106,52;104,99;104,67;104,61;104,73;105,39;105,17;105,57;105,77;105,96;106,38;107,45;108,06;106,79;106,31;106,24;106,37;107,21;107,16;107,16;107,23;107,7;107,75;108,79;109,76;107,98;107,47;107,49;107,57;108,11;108,09
Fran;ACT;Alimentation y compris tabac;71,73;71,96;71,94;72,46;72,74;72,76;72,61;72,54;72,69;72,92;73,36;73,44;74,15;74,46;75,25;75,94;77,11;77,15;77,23;76,6;76,71;76,95;76,79;77,04;78,92;78,68;78,68;78,8;79,04;79,01;78,59;78,21;78,3;78,48;78,5;78,6;80,03;80,49;80,8;81,05;81,02;81,61;81,34;81,24;81,8;82,16;83,08;82,86;84,08;83,88;84,35;84,69;84,9;85,24;84,48;83,35;83,45;83,44;83,58;83,75;83,75;84,16;84,82;84,56;84,87;84,69;84,13;83,59;83,63;83,76;84,02;84,31;84,65;85,02;85,11;85,27;85,79;85,8;85,61;85,25;85,54;85,29;85,78;85,64;85,88;85,56;85,5;86,13;86,5;86,81;86,25;86,57;87,05;87,45;87,99;88,5;89,65;89,79;90,13;90,7;91,51;91,66;91,72;90,72;90,8;91,2;91,05;91,09;91,6;91,63;91,49;91,57;91,84;91,37;90,78;90,18;90,56;90,92;91,33;91,34;92,15;92,21;92,51;92,83;93,05;92,92;92,45;91,69;91,7;91,78;92,56;92,83;92,7;92,94;93,66;93,79;94,65;94,87;94,73;94,6;94,77;95,35;95,89;96,13;96,19;96,68;97,31;97,3;97,8;98,15;97,62;97,18;97,36;98,82;98,81;98,8;98,74;98,82;99,24;99,53;100,09;100,48;100,08;99,84;99,42;99,34;99,41;99,52;99,65;99,68;99,86;99,73;100,03;99,83;99,35;98,86;99,25;99,59;99,56;99,51;99,58;99,74;99,97;99,98;100,4;100,17;99,69;99,6;100,05;100,5;100,3;100,03;99,94;99,9;100,31;100,32;101,26;100,69;100,79;100,95;100,48;100,43;100,56;100,68;101,09;101,42;101,35;101,28;101,93;101,65;101,7;101,75;101,69;102,07;102,35;102,51;102,76;102,62;104,4;104,47;105,24;105,07;105,24;105,51;106,05;105,91;105,73;106,25;106,84;107;107,64;107,7;108,4;108,51;109,05;109,5;109,02;108,58;109,43;109,99;110,4;110,35;111,13;112,94;113,48;112,74;111,79;112,02;111,52;111,68;112,98;112,58;113,01;112,81
Fran;PME;Produits manufactur?s y compris ?nergie;91,23;91,12;92,24;91,91;92,13;92,52;91,65;92,2;93,59;93,25;93,51;93,2;91,55;91,82;92,48;92,78;93,49;93,46;92,15;92,44;93,04;92,91;92,41;92,25;91,69;91,74;92,6;93,05;93,06;92,81;91,85;92,46;93,23;93,42;93,14;93,29;92,58;93,81;94,44;93,66;93,2;93;92,22;92,78;93,51;93,74;93,44;93,57;92,42;93,19;93,88;94,15;94,72;94,43;93,26;94,38;94,91;95,56;95,57;95,31;93,82;94,38;95,49;95,97;95,66;95,91;95;96,01;97,32;97,37;96,7;96,37;95,81;96,03;96,64;97,39;97,86;97,64;96,32;97,12;97,09;96,46;96,42;96,56;95,33;95,56;96,66;97,15;97,48;97,5;96,18;96,75;97,39;97,62;98,67;98,92;97,9;97,98;99,48;99,69;100,56;101,31;99,78;99,88;100,57;99,75;98,67;97,61;95,98;96,36;96,97;96,95;97,03;97,46;95,85;97,33;97,44;97,28;97,58;97,71;96,68;97,58;98,62;99,07;99,22;99,09;97,75;98,54;99,24;99,29;99,36;99,9;99,44;99,69;101,23;101,94;101,59;101,5;99,43;100,77;101,81;102,04;102,32;102,65;101,66;101,99;103,72;103,84;103,53;103,08;100,96;102,75;103,77;103,47;103,3;103,39;101,92;102,42;103,93;103,58;103,15;103,12;100,95;102,16;103,4;102,97;102,92;103,14;101,01;102,05;102,91;102,88;102,77;102,41;100,17;101,37;102,25;102,04;101,68;101,09;98,11;99,4;101,17;101,29;101,65;101,17;98,48;99,22;100,1;99,96;99,76;99,71;97,12;97,66;99,33;99,25;99,97;100,24;97,69;98,44;99,58;99,65;99,74;99,92;99,06;98,84;100,64;100,7;100,59;100,42;97,87;99,01;100,34;100,57;100,79;100,96;100,3;100,1;101,59;101,96;102,79;102,98;100,98;101,87;103,07;103,42;103,19;102,43;100,48;100,55;102,41;102,74;103,13;103,07;100,69;101,35;102,55;102,53;102,52;102,87;101,29;100,97;101,07;100,23;99,78;99,99;100,3;99,42;100,42;100,53;100,32;100,39;100,44;100,29
Fran;MHH;Manufactur?s hors habillement et chaussures;101,58;101,6;101,77;101,53;101,61;101,66;101,44;101,59;101,72;101,94;101,94;102;101,87;102,07;102,28;102,39;102,62;102,56;102,23;102,61;102,64;102,77;102,55;102,72;102,71;102,83;103,01;103,03;103,21;103,09;102,87;103,14;103,14;103,16;103,02;103,19;102,9;103,36;103,37;103,48;103,55;103,4;103,26;103,37;103,44;103,77;103,48;103,68;103,24;103,7;103,5;103,72;103,74;103,71;103,21;103,52;103,59;103,58;103,55;103,49;102,95;103,34;103,26;103,39;103,29;103,09;102,44;102,78;102,92;102,9;102,84;102,72;102,6;102,95;102,49;102,79;102,84;102,68;102;102,31;102,3;102,11;102,23;102,39;102,09;102,32;102,31;102,54;102,63;102,44;102,02;102,24;102,18;102,2;102,52;102,68;102,28;102,53;102,8;102,68;102,66;102,57;102,01;102,46;102,74;102,65;102,75;102,67;102,18;102,35;102,78;102,66;102,73;102,67;102,07;102,44;102,34;102,16;102,08;102,34;101,87;102,27;102,53;102,29;102,28;102,2;101,86;102,05;102,35;102,1;101,98;102,11;101,69;102,06;102,23;102,33;102,22;102,45;101,74;102,09;102,5;102,4;102,35;102,77;102,5;102,61;102,82;102,9;103;102,96;102,28;102,57;102,82;102,48;102,67;102,76;102,2;102,46;102,64;102,4;102,32;102,2;101,51;101,6;101,77;101,74;101,9;101,84;101,35;101,82;101,53;101,43;101,26;101,04;100,24;100,59;100,83;100,67;100,34;100,31;99,8;100,2;100,33;100,36;100,42;100,29;99,46;99,65;99,94;99,89;99,73;99,94;99,51;99,73;100;99,63;99,61;99,58;98,73;99,02;99,17;99,08;98,96;98,81;98,44;98,47;98,93;98,87;98,91;98,9;98,29;98,54;98,77;98,86;98,73;98,71;98,31;98,26;98,65;98,57;98,72;98,65;97,96;98,26;98,38;98,39;98,43;98,12;97,72;97,51;98,03;97,97;98,08;98,05;97,12;97,4;97,7;97,77;97,71;97,87;97,34;97,47;97,46;97,43;97,67;97,51;97,51;97,26;97,65;97,75;97,61;97,34;97,61;97,41
Fran;EHE;Ensemble hors ?nergie;80,66;80,71;81;81,09;81,2;81,3;81,11;81,28;81,4;81,48;81,57;81,66;81,62;81,81;82,23;82,59;82,93;82,99;82,94;83,05;83,16;83,31;83,17;83,39;83,81;83,91;84,24;84,44;84,6;84,66;84,69;84,8;84,88;84,97;85,04;85,18;85,21;85,72;85,97;86,13;86,2;86,41;86,24;86,41;86,76;86,96;87,09;87,2;87,13;87,56;87,81;88,01;88,16;88,27;88,09;88,15;88,22;88,25;88,28;88,47;88,07;88,55;88,97;89,01;89,19;89,15;88,78;89,05;89,15;89,12;89,16;89,39;89,15;89,49;89,74;89,95;90,21;90,26;90,02;90,3;90,3;90,33;90,49;90,69;90,41;90,58;90,88;91,23;91,39;91,48;91,18;91,63;91,68;91,88;92,09;92,42;92,23;92,49;93,04;93,3;93,5;93,57;93,33;93,58;93,55;93,81;93,78;93,96;93,69;94,05;94,38;94,54;94,69;94,59;94,2;94,59;94,4;94,51;94,5;94,8;94,34;94,95;95,29;95,35;95,39;95,43;95,12;95,37;95,25;95,32;95,36;95,66;95,1;95,5;96,14;96,39;96,57;96,69;96,21;96,73;96,59;96,84;97,02;97,45;96,85;97,2;97,99;98,12;98,21;98,45;97,93;98,32;98,09;98,34;98,28;98,64;97,91;98,1;98,94;98,88;99,1;99,28;98,91;99,29;98,98;99;99;99,3;98,6;99,2;99,75;99,72;99,75;99,71;99,35;99,91;99,52;99,59;99,45;99,77;98,85;99,39;100,02;100,13;100,3;100,26;99,9;100,43;100,09;100,21;100,04;100,38;99,42;99,79;100,48;100,52;100,8;100,75;100,43;100,94;100,62;100,55;100,45;100,69;100,04;100,19;100,94;101,05;101,24;101,34;101,05;101,54;101,28;101,32;101,29;101,58;101,06;101,03;102,22;102,32;102,63;102,56;102,39;102,96;102,63;102,59;102,41;102,65;102,25;102,2;103;103,31;103,37;103,66;103,53;104,05;103,64;103,6;103,64;104,05;103,52;103,69;104,13;104,45;104,79;104,75;105,08;104,95;104,43;104,37;104,58;104,67;104,7;104,49
Fran;EHT;Ensemble hors tabac;80,27;80,37;80,76;80,76;80,93;81,14;81;81,15;81,58;81,48;81,66;81,63;81,2;81,41;81,78;82,19;82,71;82,76;82,58;82,58;82,73;82,79;82,56;82,66;82,91;83,01;83,37;83,7;83,82;83,81;83,8;83,99;84,16;84,29;84,3;84,43;84,44;85,02;85,36;85,23;85,13;85,29;85,2;85,41;85,75;85,81;85,7;85,79;85,63;85,99;86,33;86,57;86,89;86,93;86,77;86,96;87,05;87,29;87,33;87,42;86,92;87,48;88,05;88,21;88,27;88,37;88,23;88,58;88,93;88,92;88,73;88,83;88,74;89,08;89,35;89,73;90,13;90,12;89,96;90,27;90,06;89,86;89,96;90,16;89,84;90,02;90,42;90,87;91,1;91,22;90,97;91,27;91,35;91,58;92,1;92,45;92,34;92,53;93,25;93,57;94,09;94,44;94,22;94,18;94,11;94,06;93,6;93,37;92,97;93,35;93,52;93,67;93,82;93,94;93,51;94,01;93,77;93,86;93,92;94,14;93,89;94,46;94,94;95,2;95,3;95,28;94,99;95,22;95,15;95,28;95,33;95,73;95,49;95,95;96,76;97,1;97,15;97,23;96,78;97,3;97,23;97,42;97,64;98,04;97,68;98,1;98,95;99,07;99,02;99,05;98,59;99,27;99,03;99,08;98,92;99,23;98,7;99;99,77;99,62;99,68;99,84;99,49;99,93;99,7;99,58;99,52;99,87;99,24;99,79;100,25;100,21;100,24;100,19;99,86;100,31;99,92;99,96;99,78;99,86;98,83;99,52;100,18;100,29;100,54;100,45;100,02;100,35;99,95;100,02;99,82;100,04;99,05;99,31;100,04;100,1;100,53;100,65;100,25;100,6;100,36;100,39;100,37;100,67;100,41;100,53;101,16;101,25;101,3;101,31;100,94;101,5;101,34;101,44;101,5;101,78;101,68;101,65;102,45;102,63;103,09;103,1;102,98;103,51;103,29;103,41;103,17;103,18;102,7;102,76;103,46;103,79;103,89;104,15;103,94;104,43;104,07;104,03;103,95;104,41;103,96;103,95;103,87;103,84;104;104,09;104,48;104,37;103,84;103,8;103,9;104,13;104,27;104,28
